{
  "project_info": {
    "project_number": "792541269550",
    "firebase_url": "https://necessitydonation-1ec87-default-rtdb.firebaseio.com",
    "project_id": "necessitydonation-1ec87",
    "storage_bucket": "necessitydonation-1ec87.appspot.com"
  },
  "client": [
    {
      "client_info": {
        "mobilesdk_app_id": "1:792541269550:android:bb2189f448a67af238d9bf",
        "android_client_info": {
          "package_name": "com.example.necessity"
        }
      },
      "oauth_client": [
        {
          "client_id": "792541269550-n8qk9pe195d0p4b9nsb41bd2jm2ukq4p.apps.googleusercontent.com",
          "client_type": 1,
          "android_info": {
            "package_name": "com.example.necessity",
            "certificate_hash": "3229f33daa09a70ddab53d8be0fd394d11474a46"
          }
        },
        {
          "client_id": "792541269550-mqj11r35j256ps2v4us213vdli0m40oe.apps.googleusercontent.com",
          "client_type": 3
        }
      ],
      "api_key": [
        {
          "current_key": "AIzaSyBWgGV4x-6CSFArDB2a2ziwLlyiWlzI8rw"
        }
      ],
      "services": {
        "appinvite_service": {
          "other_platform_oauth_client": [
            {
              "client_id": "792541269550-mqj11r35j256ps2v4us213vdli0m40oe.apps.googleusercontent.com",
              "client_type": 3
            }
          ]
        }
      }
    },
    {
      "client_info": {
        "mobilesdk_app_id": "1:792541269550:android:fb65a2998d6956cb38d9bf",
        "android_client_info": {
          "package_name": "com.example.necessity_f"
        }
      },
      "oauth_client": [
        {
          "client_id": "792541269550-qn31dvn9s4emtcvh1qu9fv8nb203to3c.apps.googleusercontent.com",
          "client_type": 1,
          "android_info": {
            "package_name": "com.example.necessity_f",
            "certificate_hash": "3e1dca1e956c23c1f9c211eb9f000677241bc54d"
          }
        },
        {
          "client_id": "792541269550-mqj11r35j256ps2v4us213vdli0m40oe.apps.googleusercontent.com",
          "client_type": 3
        }
      ],
      "api_key": [
        {
          "current_key": "AIzaSyBWgGV4x-6CSFArDB2a2ziwLlyiWlzI8rw"
        }
      ],
      "services": {
        "appinvite_service": {
          "other_platform_oauth_client": [
            {
              "client_id": "792541269550-mqj11r35j256ps2v4us213vdli0m40oe.apps.googleusercontent.com",
              "client_type": 3
            }
          ]
        }
      }
    }
  ],
  "configuration_version": "1"
}